model,mean_RMSE,std_RMSE,mean_R2
Random Forest,43.54232416039159,16.530258043484125,0.9941077754912339
XGBoost,33.942250054520834,13.232842741008502,0.9963900424347871
