model,MAE,RMSE,MAPE,R2,Max_Error,Median_AE
XGBoost,12.548542467572252,21.71029347178057,0.39671981096697,0.9985254739433299,343.062255859375,7.0152587890625
Random Forest,10.762965077075847,26.876935345999755,0.344275361711655,0.9977401450927846,559.4579399951899,2.8055031473093095
