model,MAE,RMSE,MAPE,R2,Max_Error,Median_AE,month
Month 2,19.746547827974034,29.144338268005438,0.49483599999447625,0.9974724913325362,90.42333984375,10.859375,2
Month 3,17.137374645132628,26.024134030081992,0.4749642298214553,0.9978979514485771,126.8818359375,10.18798828125,3
Month 4,21.609850056966145,30.38805206048201,0.7105166696274944,0.9953023052997841,129.993408203125,15.002685546875,4
Month 5,14.398547428910451,19.904108967913118,0.4979050322664522,0.9980367379890289,93.182373046875,9.9290771484375,5
Month 6,8.143035079977336,12.815268745835738,0.2734920275548223,0.9993732269718156,160.137939453125,5.702392578125,6
Month 7,5.287839207504735,6.862653010004548,0.17804123268570443,0.9998303242077163,27.978271484375,4.2762451171875,7
Month 8,8.96905503482246,15.783596714324606,0.2958829020133097,0.9991634081293777,138.52294921875,5.80419921875,8
Month 9,8.106390719943576,24.705548999170382,0.2556152886668457,0.998025463692731,343.062255859375,4.83740234375,9
