model,skill_score,improvement_pct
XGBoost,0.9835782095123773,98.35782095123773
Random Forest,0.9748320054088945,97.48320054088944
